{"cameraMode":{"drawMode":0,"name":"Shaded","section":"Shading Mode"},"sceneLighting":false,"audioPlay":false,"sceneViewState":{"m_AlwaysRefresh":false,"showFog":true,"showSkybox":false,"showFlares":true,"showImageEffects":true,"showParticleSystems":true,"showVisualEffectGraphs":true,"m_FxEnabled":true},"in2DMode":false,"pivot":{"x":-0.3485041558742523,"y":0.8594176173210144,"z":-0.5130667090415955},"rotation":{"x":-0.009191584773361683,"y":-0.9726126194000244,"z":0.039135877043008807,"w":-0.22907422482967378},"size":1.2767335176467896,"orthographic":false}