{"cameraMode":{"drawMode":0,"name":"Shaded","section":"Shading Mode"},"sceneLighting":false,"audioPlay":false,"sceneViewState":{"m_AlwaysRefresh":false,"showFog":true,"showSkybox":false,"showFlares":true,"showImageEffects":true,"showParticleSystems":true,"showVisualEffectGraphs":true,"m_FxEnabled":true},"in2DMode":false,"pivot":{"x":-56.00698471069336,"y":9.055845260620118,"z":-14.749484062194825},"rotation":{"x":0.1390858143568039,"y":0.19274312257766725,"z":-0.027323372662067415,"w":0.9710546731948853},"size":0.8660253882408142,"orthographic":false}